{
  "total_return": 0.7050717998130814,
  "cagr": 0.11262428340104869,
  "sharpe": 0.0,
  "max_drawdown": -0.26024764033303227,
  "spy_return": 0.9458496093450558,
  "spy_cagr": 0.14240962723309525,
  "spy_sharpe": 0.48772774685683945,
  "start_year": 2020,
  "end_year": 2024,
  "initial_cash": 100000
}