{
  "total_return": 0.02880019117679127,
  "cagr": 0.014297880889431402,
  "sharpe": -9.75486390327555,
  "max_drawdown": 0.0,
  "spy_return": 0.5824265356296399,
  "spy_cagr": 0.2579453627362518,
  "spy_sharpe": 1.7002278042022478,
  "start_year": 2023,
  "end_year": 2024,
  "initial_cash": 100000
}