year,value,return,start_value,sharpe,max_drawdown,cagr
2023,101243.6630538894,0.0,100000.0,0.0,0.0,0.0
2024,102880.01911767913,0.0,101243.6630538894,0.0,0.0,0.0
