{
  "name": "Baseline_2017_2025",
  "total_return": 7.641553430764247,
  "cagr": 0.30688008186583393,
  "sharpe": 0.9096514509624258,
  "max_drawdown": -0.3801067115912375,
  "win_rate": 0.5704057279236276,
  "spy_return": 2.4766541089544236,
  "weeks_traded": 419,
  "retrains": 105,
  "final_value": 864155.3430764247
}