{
  "period": "2023-2024",
  "tickers": 495,
  "initial_cash": 100000,
  "final_value": 165954.34839248657,
  "total_return": 0.6595434839248657,
  "total_trades": 230,
  "open_positions": 52
}